status,arrival,req_ram,req_cpu,dur,client,vm
ok,0.09948431352038875,259.3273392647329,0.8105827443825633,3.9360057615863537,885440,0
ok,0.16836537490732617,132.58207569365703,0.8939848895739789,11.117622065163284,403958,1
ok,0.5827293976640529,301.2894823886223,0.39882469204789767,3.763370547682942,794772,2
ok,0.6876585035064057,238.7449723296532,0.6158280957413457,10.201571404727755,933488,3
ok,1.1683112332772618,185.47339418150432,0.7820409262262429,7.582679884400758,441001,4
ok,1.1840455347560797,123.13963106129695,0.5753853949990566,14.472102248457631,42450,5
ok,1.276273944544962,74.92026479200463,0.3866604759136085,7.441274193633674,271493,6
ok,1.3524092465828477,173.35540788469405,0.5094729634580599,4.8069046459742975,536110,7
ok,1.47078383131332,245.31520304234544,0.5298530183424669,5.725694793251881,509532,8
ok,1.5264736429047248,342.9987236450402,0.38609654722185144,0.3105764796265785,424604,9
ok,1.6638377029119797,113.13595236194976,0.6279471989870946,0.6901434381622515,962838,0
ok,1.7112079486790392,279.6569078917646,0.11335904411857678,2.8866215546479808,821872,1
ok,2.2680201212551707,188.84208300082622,0.4618688041574717,0.8795677671730145,870163,2
ok,2.4003629618684728,181.92482754468568,0.16908584669755455,1.401385068514319,318046,3
ok,2.422003893465124,224.90908026214325,0.3447959066152918,0.7435613569414551,499748,4
ok,2.449363968803254,289.5769569751168,0.40841551591921943,0.5107244333228212,375441,5
ok,2.67684133435263,234.031471877572,0.49440576330604397,4.6423925064171785,611720,6
ok,2.84487199243847,170.85325504525503,0.3642445221090438,0.6319432085955144,934973,7
ok,2.8927096121631726,145.99825347500783,0.47344314877599225,5.895947635651707,952225,8
ok,2.997221805317001,213.68003505326357,0.1548657296825271,0.4932515684012525,229053,9
ok,3.104458760565181,183.48632461396167,0.5976852934905227,5.5042296063008065,529202,0
ok,3.122125099817585,120.72773742739331,0.7035760099434569,1.011752183900275,146039,1
ok,3.2325162306037853,274.0200601400265,0.31904276836627277,16.375715915212474,295528,2
ok,3.2682688527947157,347.4953224022367,0.8051014477325128,4.246104108023092,146534,3
ok,3.299821352225635,194.35542166531002,0.620831941423275,9.36729960631571,792518,4
ok,3.450101172232582,272.6015693685471,0.38283542506812923,2.5250937553900283,99437,5
ok,3.7162885928229734,277.8878969824918,0.5414565544869528,5.89691464486534,648406,6
ok,3.8777772506931334,248.5111200593429,0.5003521681428542,5.163985091276148,838234,7
ok,3.9467017504602,180.7141127632071,0.5106689814038405,1.7946360825398522,262674,8
ok,4.081616774968055,267.01758121159423,0.20197771752699506,2.799805370974768,953938,9
ok,4.099813521644229,248.3657821464067,0.15138835381540355,4.468645370636513,558433,0
ok,4.206573486553672,303.3102336444526,0.7601392543004899,2.823052513958459,739426,1
ok,4.490152732692092,122.87493129267342,0.10184423599995146,11.124573138889417,849574,2
ok,4.695264928158642,153.13478540642438,0.5597544076723838,12.59641069775272,631140,3
ok,4.851840869283468,196.34015207203024,0.5099796828475196,4.7798320782443495,945989,4
ok,4.868363833049401,228.83418136912155,0.5816296238593196,4.20940474241238,154100,5
ok,4.933722586715363,215.42886905676278,0.4158270359155424,3.0214953814842094,325213,6
ok,5.093764359638933,307.5163535667946,0.33635580773426166,0.9414748744947767,103560,7
ok,5.185780747967633,147.11166145473203,0.2639617968748167,13.16109436881733,765284,8
ok,5.338130349477788,295.78575845142086,0.8766707715830621,1.3583403941111325,77324,9
ok,5.678298874190463,257.137905630374,0.956866670894069,4.456892867594094,942500,0
ok,5.842022047105741,129.810934256645,0.17578250070575852,1.177622834853615,891786,1
ok,5.867776053237645,75.51810578437541,0.4891070312437491,1.467538252948841,717209,2
ok,5.875248673317987,55.09769672655631,0.37376495645043195,5.959290569052608,346236,3
ok,5.934550710019565,215.63994682202622,0.40567913329043476,3.0229061378470283,495077,4
ok,6.03069068581136,252.09674766738826,0.27390071009955425,1.5280245002078274,587007,5
ok,6.033299087464083,137.81226753903056,0.7231876908246158,2.4181919613626595,105592,6
ok,6.144236827350295,233.95299670626517,0.7178618090209228,10.304106121944407,370977,7
ok,6.1841836594743915,156.02752792961417,0.6042251479017874,15.265923214708499,455262,8
ok,6.329572821343189,126.81957359209125,0.6716475570709514,1.1996176129242877,331556,9
ok,6.420851280168347,47.953259100535945,0.27248416059377245,3.1141465637471417,640561,0
ok,6.461503282051437,283.8385779754696,0.5499915081638076,0.6251629411680761,671532,1
ok,6.55256876135966,232.25485452439648,0.363188149596799,2.5213996582016045,957361,2
ok,6.656741042638744,173.43756828274363,0.4407799194192912,3.3477029156355504,214410,3
ok,6.71167296699714,231.38464445246996,0.5483269613109882,0.435542920072317,579363,4
ok,6.812096936902507,239.42075131326376,0.5180225581967616,1.727597890883117,500181,5
ok,6.846537929479774,216.56604592436864,0.6046926054378563,7.689143613013771,464197,6
ok,6.887901664890645,146.17721724490934,0.5266648994995564,3.3240387716900868,907343,7
ok,7.362154662608262,171.82013552618483,0.6638933216745807,16.294604478949804,546678,8
ok,7.395101801868874,241.75901836843178,0.7394519729715943,10.368807185302519,273145,9
ok,7.438445964925855,228.31080091801732,0.7095170674835628,0.1,65304,0
ok,7.491762942616117,166.08830131193997,0.01,5.100935438557653,844132,1
ok,7.549236857943558,218.28656088183234,0.4484672481226447,1.052666429289596,963080,2
ok,7.6387425227440415,179.0662346406121,0.4641240614233467,9.909451825625172,575352,3
ok,8.089860142988474,144.57835387399447,0.7275653731260902,0.4228974457079073,960489,4
ok,8.155231100471553,160.15415179137392,0.4274217772272567,0.27453688549785366,14723,5
ok,8.31687458106532,221.11682471646338,0.3740716181821975,1.4076200935785481,97802,6
ok,8.385081796469407,288.60997424599447,0.5352477504632253,6.49222815708061,754665,7
ok,8.424476800345923,114.97640633755766,0.32271874640656983,3.0453223018485973,880899,8
ok,8.568194474471166,112.87724518103064,0.6968234586205526,2.3895899740904603,418196,9
ok,8.593176416544166,280.7395624731645,0.6426779141039076,7.512064056435634,744754,0
ok,8.630717051371898,299.1216783205149,0.14303922264965618,1.5929192770898812,864912,1
ok,8.688640804641892,185.2519538687176,0.2217613769386857,0.22819026805322828,823182,2
ok,8.88969303660714,202.90077933548727,0.33711888772836673,1.8322564535018235,700609,3
ok,8.997401473030989,209.26845583144595,0.5731302891418726,0.1800141464258402,655638,4
ok,9.067754623248208,448.12244672773204,0.6717508305983836,5.7189768728772075,1198,5
ok,9.108400982633581,177.4291886716865,0.3048690668655256,15.664146970149456,641620,6
ok,9.134299130241018,207.85493526681998,0.6810979906379022,3.0524142231394693,517553,7
ok,9.401476836523504,339.443097605546,0.43562416182326885,2.546012389760037,868287,8
ok,9.694460539088233,289.4398885915921,0.7128499365880364,1.9854047794015424,909747,9
ok,9.871183453469753,96.50925767247672,0.6354053623059698,0.874975241524331,349317,0
ok,10.070127968656687,195.86422103243493,0.6134112744068404,4.47000704049376,255759,1
ok,10.313875083220509,249.54414130429444,0.4882748009668472,4.2871755696420575,765752,2
ok,10.528758747850773,231.88685814662773,0.2893651240105837,2.541097269059306,341001,3
ok,10.536854459821358,74.03342825432757,0.4008623605026336,9.453645862780519,737822,4
ok,10.541088441751457,190.59401656132718,0.5746240321478551,2.2057740582389758,912755,5
ok,10.543146351983834,169.1176983176938,0.25388137666389576,13.245941587231453,66043,6
ok,10.556262945965349,43.33827123958147,0.3964074627734944,1.3246746693568276,200348,7
ok,10.675403263162883,142.43786675367608,0.4762767765124571,1.4513670570019979,961564,8
ok,10.706647115788366,154.11648627791462,0.423264562831109,0.1,595078,9
ok,10.721986492308826,223.33072321072441,0.514571396567488,23.201397623842848,232473,0
ok,10.787740342021259,234.2464760845581,0.29204242928921553,3.369717256452031,250206,1
ok,11.356218353127128,121.3840255745883,0.33916805681162954,5.431016570216467,842368,2
ok,11.39152419240317,217.40204356282766,0.9168883381696431,2.7590106201694127,149416,3
ok,11.492646653555635,280.4858337425302,0.2925770260950492,2.6794939693534676,842194,4
ok,11.548539141608101,286.2863281170921,0.39625318689878825,21.16507803614877,569366,5
ok,11.982646108887229,177.47789195546798,0.6120738664402761,24.14860076325072,469730,6
ok,12.018509745473008,260.41671850524096,0.2878218286658166,0.3006418819172262,95646,7
ok,12.182505128948788,171.8712253139541,0.617959827756724,2.3825791066925643,84353,8
ok,12.241114898466504,133.8831103461256,0.6568417252468333,0.9428236186210794,335601,9
ok,12.315683638207174,268.5546540415153,0.4012011308236137,1.3573498483793944,917595,0
ok,12.40292583209016,212.9591612147054,0.6070076634898501,10.097922512838075,532614,1
ok,12.755039789652367,266.4470887892484,0.7087259177602336,17.204719555422344,978147,2
ok,13.403181002114598,139.1242163718946,0.4829137364821809,1.7321666399458442,513054,3
ok,13.423842629077715,117.355702914218,0.453762658084005,4.633192984431422,114355,4
ok,13.484164531101458,61.96914227553495,0.5718499177284261,4.485265079888126,316089,5
ok,13.768003296470338,296.9090805808156,0.06611536143149577,1.5848868846217607,578045,6
ok,13.843976392681967,83.05075755665337,0.3857795829218213,3.5247466014019864,305230,7
ok,13.890428362115161,235.89751056862045,0.043687265399868114,6.943386448782217,740883,8
ok,13.941144154729335,124.70223179736936,0.47435406060103247,2.1422051409883127,130873,9
ok,14.109575256837235,281.7842562466699,0.8015751831136213,6.19849048179235,574033,0
ok,14.138239904048362,302.8778048881289,0.2689865938972361,10.569534041671409,348914,1
ok,14.236309491083043,243.19619457333943,0.049747762524002814,12.762382356489027,854030,2
ok,14.24802891466491,172.51061949900932,0.486411293634393,2.0973966332790948,967048,3
ok,14.369712981794185,128.5062550110335,0.36395127450887976,0.614812818880587,566528,4
ok,14.477302319426288,285.46077522216603,0.7426175212094804,14.866041343277722,213072,5
ok,14.47764067869804,291.5775041906043,0.8356808897413484,4.442643563558801,838260,6
ok,14.888971801455817,203.41227814926353,0.7728503474459917,2.0320643073987696,632485,7
ok,15.084553870212998,189.65465441046655,0.32029211744156816,3.6693498017902835,573812,8
ok,15.23255733761902,188.335419792535,0.4561771097643105,2.6407199797698313,616161,9
ok,15.354593840520412,221.58614355848468,0.6757397191731114,0.7162435282524602,301630,0
ok,15.847276172245222,200.6373018919858,0.7177145838217105,12.777588693483255,466604,1
ok,15.944718050904227,241.52839351586408,0.47454311003945565,1.7835812916460114,96083,2
ok,15.96658183353974,189.03839961060424,0.6974848990254441,11.923076900503933,625252,3
ok,15.9884103072218,142.51602545389613,0.8876069961353248,0.3978507623074141,836695,4
ok,16.137441837400768,219.09231913241635,0.5811284872237061,11.416969989391282,403598,5
ok,16.277006660863165,47.53302336592927,0.5564088653813296,30.97954836509791,332447,6
ok,16.333220832135407,16.98880592339276,0.38970517496146767,19.44322441260423,603613,7
ok,16.35721556964105,296.6096532023094,0.26964038678384117,0.32646799515843405,253867,8
ok,16.474038120639527,54.658186711462264,0.4623970201880081,1.3617561692256492,304432,9
ok,16.564363400561835,143.39875299865756,0.07017910872499572,2.058502904856593,192800,0
ok,17.004757308321302,281.0172014950615,0.1515325760021362,5.381952242056229,198591,1
ok,17.068040302816037,268.1545581760575,0.7741964329799179,8.384673711875774,861370,2
ok,17.535433874873974,221.92596255883132,0.5807618057890209,5.990756872522562,195800,3
ok,17.586523580673294,167.82201462851867,0.19339689749994515,3.6906837538394655,34574,4
ok,17.771920256772734,216.523987851761,0.3190010907261209,6.840270139364426,642539,5
ok,18.007528330803748,67.63270188233437,0.22291397615484904,0.7997210974755703,688557,6
ok,18.151900147134935,271.4621086171182,0.5773522329391286,0.5115923745052473,272688,7
ok,18.23798900354586,80.47411851534932,0.5937478536659182,0.9257802877666542,499678,8
ok,18.48337941654173,196.2845181584291,0.360423251659325,0.6155522631968062,72441,9
ok,18.559723689164713,195.7652972367406,0.5666011483812079,9.728922897357373,94187,0
ok,18.57532212911266,148.08145896791393,0.19138871325764767,2.552562863935566,711693,1
ok,18.714430103700987,303.38679701654934,0.3122476185764035,5.0969759055098285,794405,2
ok,18.77810866731893,358.03134273950934,0.26459758920721754,0.3630802980541088,136550,3
ok,18.994141091110905,302.8902969098577,0.6743546980881214,3.849309671826258,919360,4
ok,19.008774846081415,70.42869235323306,0.17491478237798613,1.9359873359405109,156814,5
ok,19.012575845751112,158.84436016658256,0.5625574144789882,4.660933696108281,968235,6
ok,19.164420310724587,232.171985245193,0.5236111116652615,0.5451593178843457,40518,7
ok,19.416753282801814,202.8354217711387,0.4044197808650138,2.5896172520574927,883383,8
ok,19.509593752889348,108.07009958025515,0.3998058427876038,0.1,84146,9
ok,19.60085900666926,168.92643376240858,0.7100283913863608,1.2606983879093105,941802,0
ok,19.61135401177449,197.43444902283895,0.49045322688589216,0.5268806951302145,733293,1
ok,19.649846360850518,185.17362906453616,0.5390840451519743,4.1012950374951265,967922,2
ok,19.83544812104672,104.9486141269327,0.4701171435520305,1.1131942817214373,869647,3
ok,19.906369136141603,28.958612051393857,0.5801874197663532,7.604379530170479,566860,4
ok,20.080167802328553,181.32615344834767,0.6719490627563407,10.53396072858878,716700,5
ok,20.226882518234454,201.43507641515748,0.04290401761517493,2.361143756528252,410303,6
ok,20.283631449336394,197.68435773720057,0.15651350570878741,5.724432238016865,878565,7
ok,20.324233550042823,117.71784550857788,0.51310716196111,0.8708461089390964,739543,8
ok,20.3302257001046,232.83762323498968,0.2662139288670652,0.42435706275658797,550055,9
ok,20.59724994342179,46.847389927165494,0.5146471138315909,3.9869923670009704,289023,0
ok,20.931128060188005,61.02120582471261,0.5309867554881765,10.494091896490618,547136,1
ok,20.98926377762968,266.5903013135927,0.4156588243106292,3.0670903062484562,851054,2
ok,21.062769254632553,263.656492494197,0.4314830941346138,14.504545328814771,246941,3
ok,21.664606504375797,229.4773525923137,0.48051399204288014,7.848191873364901,890750,4
ok,21.805363104661897,138.11305840189624,0.36079691247988815,0.9078961090912442,225654,5
ok,22.12546234667764,167.01148480104303,0.1379386059449692,3.4056764056276645,938516,6
ok,22.313693740236424,194.24143697604686,0.513730595659151,2.783513327845139,712480,7
ok,22.54501694263842,161.64136594421944,0.33170866573986135,0.3917489981247805,618451,8
ok,22.614116858619347,213.0711841077532,0.3120389132517989,1.4155091543632878,865351,9
ok,22.72754347360666,186.8596447291823,0.6313273353743093,1.3865376670212382,995900,0
ok,22.763570119097576,154.0136765758686,0.4958496830904512,5.10416216530376,439797,1
ok,22.829165174664883,294.9134654166305,0.40597055173312413,6.172769377678462,607854,2
ok,23.214964824405158,260.78589724563824,0.44340113019684096,7.3476665587862335,288579,3
ok,23.270248723818437,82.51548311150711,0.6690134105941219,10.373261823580549,472449,4
ok,23.28515683192932,153.26476231288683,0.39399952629285145,2.5794086082707395,516586,5
ok,23.45608254694625,87.97904742786385,1.1114648667255458,0.1,692317,6
ok,23.52534306383972,226.04320245350377,0.5770259482863331,0.8666875936065421,672343,7
ok,23.64167725932344,227.36460102153634,0.384622575302595,5.073133738400134,734239,8
ok,23.8505505805764,268.8129586154774,0.4914513354446048,0.25304104970717534,961482,9
ok,23.893871456683115,149.84160735150897,0.8293011599345671,0.9494588188358677,831861,0
ok,23.908047047067836,190.93796464473763,0.7676896099586177,10.69738774038367,374727,1
ok,24.07324581049339,59.21382242315917,0.24880614387548217,3.6246171681546615,86374,2
ok,24.348091478295004,240.6779191132584,0.5470667337643125,6.197235883670913,340079,3
ok,24.37244224121008,108.41547466147246,0.48950825897547956,2.2235922800188956,642549,4
ok,24.718252252339703,183.71917146594512,0.5793385203587438,2.074782880833804,120952,5
ok,24.832855132821614,245.477297004677,0.4260167852363317,3.385308557981219,510073,6
ok,25.119386334177392,211.19193973465053,0.23065374026101076,1.9746264827588023,615592,7
ok,25.16696019571978,33.42962008060556,0.16944160902715166,2.2107508551948656,660757,8
ok,25.475055221090376,273.63221655394443,0.6874759796543594,1.7118420719652878,351556,9
ok,25.582812925331716,252.89741975223853,0.624901495795864,2.1120172317682067,886128,0
ok,25.766997648028134,147.74987954036078,0.5859533299038862,10.047543054084429,199626,1
ok,25.83977027953727,10.0,0.34771973368907394,4.194866380999549,254841,2
ok,25.96110349661382,289.0558684952937,0.4988950012548162,4.940743289036315,16996,3
ok,26.02525454358575,302.58979348779894,0.4312619552511104,2.140025755562294,767022,4
ok,26.054950236690807,119.82534234362444,0.39779829566056935,0.615916843351867,284203,5
ok,26.34260691295053,42.27105881421596,0.6985489536897338,2.0953540614630453,122824,6
ok,26.519631099376255,287.88373363159155,0.2410357333300615,3.6420698723888814,739595,7
ok,26.602571308390303,209.92090223323171,0.6820791657640298,8.768320109611107,231169,8
ok,26.764205300604548,215.94715029777856,0.47200101308018155,0.2193633750091277,390133,9
ok,26.814839455180962,195.4252239846277,0.31246764823105866,8.57461539790722,833180,0
ok,26.85910055576669,164.79109640783807,0.3189774214097798,8.40682207264101,178763,1
ok,26.878009237264948,136.16603007241326,0.8133457884226272,1.861408905759636,348689,2
ok,27.036518227390765,298.65829831493846,0.32238567302876053,8.442389238356068,446830,3
ok,27.0672019130008,130.65683453987205,0.38676186512881616,2.1194616796259726,855546,4
ok,27.148957358778983,293.7213012753358,0.5146939747288638,11.011342278368303,65213,5
ok,27.180031674155448,130.99400844849865,0.5545710327144637,3.0714014518945576,105494,6
ok,27.22866918116888,184.89824823390865,0.1022050625628031,6.54347568368689,821159,7
ok,27.23763070833062,228.48044756435698,0.6149743704218242,0.9709549363746504,153467,8
ok,27.587571052576514,202.78568080246387,0.5000879528786253,1.098618741938292,896870,9
ok,27.68326111133255,118.63623370220999,0.2821258327255032,4.470999955286956,731560,0
ok,28.001692513347805,249.91203551238297,0.6700929406340261,4.095522724607421,229400,1
ok,28.32105260884465,286.23259808612124,0.49559497693789656,8.978284588412858,47431,2
ok,28.35112623710097,111.62508003205907,0.355255727051469,3.5348408444824186,856812,3
ok,28.518006622351216,202.76040068412073,0.31393925051389726,13.93644292432366,601742,4
ok,28.550457694992556,271.11840896036534,0.8390923665669106,0.1,665013,5
ok,28.63119919028778,204.42774867839688,0.7092015936137187,0.15570466462998878,954220,6
ok,28.662966178531434,208.13135853919647,0.6120326685776961,0.5684901470359993,982012,7
ok,28.705345907047825,168.6376458950699,0.4929137020479922,2.6518732818170716,560147,8
ok,28.78938135918632,240.89754807313818,0.20433594740005107,6.996697796452925,631421,9
ok,28.823002675336113,320.96579602010837,0.7609964939737023,14.834781619263184,713649,0
ok,29.011293008879495,197.35703897079205,0.7402542205990021,1.0249748566108312,77591,1
ok,29.695832831353652,193.31164573239857,0.2828690297008639,0.35261180588372687,27993,2
ok,30.055800814710075,98.51864072253932,0.34505456653935457,1.5414877569637462,130488,3
ok,30.072820387053767,108.18926775895478,0.5165386178590082,1.904330791374618,665845,4
ok,30.19599416718877,352.08411104827985,0.3253364552330175,9.594987004731772,197678,5
ok,30.276616147264725,199.125209490598,0.4345149223944846,1.4793360307142878,635791,6
ok,30.493574701385253,139.82930299730145,0.28772788457717857,7.832549031083302,870408,7
ok,30.65054580935577,342.2013748074984,0.6006958248896408,2.711898488503699,603930,8
ok,30.651211333858964,200.55356446451995,0.4397385588415884,0.43482587057044564,125509,9
ok,30.657764586367442,192.23138880659698,0.538695725685303,1.028345629366551,410212,0
ok,30.804772051048154,175.09576100562535,0.3965377297526576,18.463369261140016,95978,1
ok,30.932292059394044,10.0,0.5994626542153215,7.447196772840562,388119,2
ok,30.95128416623883,162.79839624097542,0.523939442807584,6.034145221621895,874349,3
ok,31.256924266098817,25.83871357480419,0.5734071078198973,0.6407429296706464,121683,4
ok,31.432685952761748,207.52914849900841,0.5764076640634246,4.019712847573687,38159,5
ok,31.47654916104378,188.5593143532763,0.5524509731834994,8.805567840464274,634917,6
ok,32.0024212537439,208.04451369725297,0.8001313526080265,0.34179177766501584,22687,7
ok,32.08235162801072,89.33205018460002,0.44252189818378096,2.754659829721857,204043,8
ok,32.137700367859,183.02691891228247,0.2565786399112938,1.5244799697066955,193957,9
ok,32.22998476063641,217.4816306614956,0.7629528237266424,9.546252405694572,752996,0
ok,32.64006228832365,222.5758059806738,0.3319832686306012,31.058065279362555,129913,1
ok,33.19176917961572,121.6023205064572,0.5544404389282582,4.37565794286103,502512,2
ok,33.1920275258498,291.95524985077213,0.21833464135091957,1.6484926129749675,220805,3
ok,33.56116404651818,128.32583571524782,0.7404148411948109,7.8453542152118585,762477,4
ok,33.575473387665426,92.92731541120668,0.3966064393575655,5.7557388334853945,839643,5
ok,33.58898367606942,77.61047993567387,0.3589327989423198,3.529570857562565,64052,6
ok,33.642811865303344,97.9097746167462,0.6269236951305578,1.5647192647758847,982483,7
ok,33.84415145876748,191.99837957660404,0.5496768811518626,8.766693563497197,712347,8
ok,33.857877038840094,305.97824326122645,0.6414075025530985,0.8478831655509251,23889,9
ok,33.92726829413688,204.12776055372174,0.44510198929955863,2.859353851737164,570672,0
ok,34.12763148655399,182.55864930608786,0.5919314235043259,2.4584176837512843,446293,1
ok,34.210889174618714,220.21882967226202,0.5092089762164085,5.975565023093031,650746,2
ok,34.272583730081166,233.15942877878237,0.3628361405293965,12.977740444539235,106430,3
ok,34.409162104571855,93.07094402289009,0.43166554461325773,2.290180214695437,876507,4
ok,34.56255526146352,247.27242420602414,0.541292283485772,10.081804676144557,272545,5
ok,34.774260156836405,180.44740831983202,0.5899225224554514,2.306397299718517,73404,6
ok,34.83399324341854,352.71215542773035,0.6371958872090995,1.6893828925219392,231556,7
ok,34.83645003778661,70.41975061117358,0.32949483606028357,14.252510806974122,75467,8
ok,35.11040324347971,230.93839238668033,0.6821478850494614,2.110176935324014,678350,9
ok,35.209897465566115,239.4211281330594,0.6013909459337096,0.26177091006389547,315685,0
ok,35.333223442317866,96.93737725750267,0.5019142580717064,0.8030680681057192,367309,1
ok,35.51871687207542,224.98679161176932,0.5087548014403088,20.156222738543008,457251,2
ok,36.133138081899666,179.03846679678227,0.17967802334502858,7.081841530050694,189077,3
ok,36.16159808071332,95.82112298267639,0.5549700577677117,0.5531837564889152,64007,4
ok,36.17708937203829,346.8241007515872,0.33201202848373873,2.5682161558477374,528101,5
ok,36.18830187289664,189.90974633656606,0.4502826870195364,0.9275091859060809,489822,6
ok,36.60769242618121,228.97212477722732,0.41730078560216594,4.410750339979208,41291,7
ok,36.71298156595374,238.4551436243142,0.5024618589788779,2.26156340549771,625459,8
ok,36.90682802621525,30.1639441652095,0.7249512105449898,15.557504194993657,105823,9
ok,37.020839212823056,183.12441566807115,0.30502859061433796,7.606716870747796,733293,0
ok,37.168757187464955,184.18788870967535,0.5683977647585114,7.098091770911045,410282,1
ok,37.2457515710531,245.03359993207846,0.5182119331618602,19.38480463450618,209039,2
ok,37.49294431459993,265.95090709000357,0.4400783154208498,5.0889764791884815,272769,3
ok,37.563208473333994,319.50834235825226,0.5021981531622566,6.892083345740499,375972,4
ok,37.76043111800029,276.16320627404895,0.37381052498471684,3.9797363120410307,948330,5
ok,37.84057785528403,175.62108153320736,0.38337307520778646,20.36980168450471,767136,6
ok,37.85939377121483,169.63483924274348,0.47135535318449934,2.0118660669193984,493057,7
ok,37.907661574848944,177.34512993907606,0.48602804897031865,8.890203437451351,879049,8
ok,38.042710062065645,156.01584335331546,0.15005744507673202,7.9348737154546924,946134,9
ok,38.18416981870826,213.20645495391227,0.6193375557445834,0.5146515853588569,963098,0
ok,38.453829381581194,260.86260798369204,0.6932962706096476,0.276155435864501,597445,1
ok,38.51689812303331,230.924133798415,0.4201294318974006,6.028682173338044,177654,2
ok,38.78517872167896,282.42737851395236,0.3994118892218659,10.05460627867584,731588,3
ok,39.190103496190986,179.51957370796808,0.608541688727785,4.082084459513197,705314,4
ok,39.69540472177305,333.6849485168276,0.2994148984663538,2.56146319346511,213295,5
ok,39.8781368880847,72.81692223331783,0.5335729030625254,1.5825076356986303,804623,6
ok,39.91544761811767,348.90017789374826,0.5592121405188684,14.907164990484347,60870,7
ok,40.063504587779015,154.25548275706024,0.5971311202393639,2.3425247641708626,826957,8
ok,40.13026215131438,109.03436546488427,0.7076620456393568,1.8069439075988658,709048,9
ok,40.18524770726012,225.94173107304027,0.7593685980484695,0.39130674194324877,165893,0
ok,40.195432333567474,304.31259630456594,0.3740918628958225,5.834724816215269,886491,1
ok,40.34929996472533,138.4750400433357,0.6930972299075644,3.9732012769985374,169821,2
ok,40.4472804431988,270.6809406024098,0.36623883298319493,5.393615215664966,358940,3
ok,40.55578882911697,179.48156662970717,0.5315863961499845,3.6296299248761565,555193,4
ok,40.586824189584604,275.5354524283388,0.2888347783785219,0.1532898128187971,262864,5
ok,40.84508500723877,210.21320795730225,0.01,3.883165319173531,122906,6
ok,40.974731493521936,141.20063366230085,0.4428271139326688,1.9164070058300764,625781,7
ok,40.99774320198228,49.784182879455386,0.6158436552852926,15.858432086301777,966177,8
ok,41.419444424798165,316.8280756961092,0.7986042940978896,21.126333233278153,463799,9
ok,41.69230397080964,139.38695723291045,0.715475952080481,2.2748975187794196,697938,0
ok,41.72039500374822,222.1092332244266,0.49855136980390424,12.16067656288107,183311,1
ok,41.73613993939477,87.29310863792392,0.5349331911088296,5.59897436297803,13845,2
ok,41.86532139552152,171.51193460266882,0.38804013722982494,0.30979173958323736,494535,3
ok,41.8947646122417,178.69400920426352,0.43615532317675326,5.783333718962429,714374,4
ok,41.90111046824126,107.8292460154092,0.2899432381977953,1.472283410713404,429816,5
ok,42.07466587850717,200.44108281479745,0.5161626483902811,14.43015059458157,943821,6
ok,42.13781484237914,183.284756914331,0.31983244300001995,1.7557921781211783,596757,7
ok,42.222820752963834,159.0888328560019,0.9123797345854042,13.67920239853195,917299,8
ok,42.492918279882495,192.23602544788778,0.8800619452756199,0.7060167739886002,533305,9
ok,42.55615087327641,116.21863646178537,0.6990223964051885,0.5490077989129397,962080,0
ok,42.854258821760986,266.4299009312193,0.8011722559200513,7.863093325756982,326574,1
ok,43.07997543045344,283.11780460309126,0.49098311823044943,12.40969592740937,680456,2
ok,43.1195801546607,247.13386144017787,0.9766986337122012,3.860365168218051,374500,3
ok,43.4664803592059,192.46720604923206,0.6834655745364964,8.50374524490752,407520,4
ok,43.64967298767742,106.08328625697322,0.7318320421191487,1.093585511434052,878351,5
ok,43.78883583235809,135.4748168910148,0.9032426834882668,11.418215901943483,689560,6
ok,43.83731469547443,333.4611538160259,0.01,0.7566704586887741,263121,7
ok,43.993301930685895,209.20795412891707,0.5628681406630976,16.649095511290657,160864,8
ok,44.088077801265676,159.99282479617636,0.7405703423914612,2.183378395468215,587831,9
ok,44.147483532902,101.27549119373639,0.777218267868305,11.531331883269702,724380,0
ok,44.65883885843329,176.44599127756723,0.19868487086852665,9.069729856319205,13040,1
ok,44.690189183247696,262.2933504553036,0.497805203333091,5.501288810386336,480199,2
ok,44.89017403887587,229.44539437904356,0.5078129156335286,4.441701970376194,777597,3
ok,44.89599639644651,167.48401291289696,0.24218309304201424,4.597443857953314,82914,4
ok,45.080759706805125,331.2579582133068,0.36422653399240446,7.800132637480905,352234,5
ok,45.12846488859195,211.87725509559553,0.7022433914979624,6.766292658646411,774914,6
ok,45.31247042078291,38.70989168586729,0.8281326667746576,12.8300860133198,47916,7
ok,45.32635009202479,198.6456613510573,0.3402678294974869,6.321436854002629,570760,8
ok,45.49384876217952,198.69385119573047,0.10556026853906125,6.049715672253232,294527,9
ok,45.51247462634175,193.0812943464594,0.2207989181633812,1.7708603843800206,141387,0
ok,45.76054492162469,57.271601657678104,0.7034268345457431,9.446851312020701,251794,1
ok,45.96481149335807,119.17038929107717,0.45359446823137,9.18297592105636,799189,2
ok,45.972513731206774,251.12389706553057,0.45440775117978244,16.191118142312156,999428,3
ok,46.10041633045209,185.03749760041325,0.5154227876025077,3.612677499894903,505232,4
ok,46.19936285542931,156.72558487053251,0.4599009276672221,1.2997353394208475,369335,5
ok,46.25475559982178,359.47428725057654,0.21561756425018236,6.4077174928820755,639773,6
ok,46.302528848760126,258.7497425671033,0.7749963064251968,7.343795445610223,301861,7
ok,46.48565245729619,235.32272072374911,0.6429168373364927,19.318764644504913,706114,8
ok,46.772015676767694,334.82276913232204,0.8315493823845739,0.1743396113701223,376649,9
ok,47.58703661357249,231.2868929569566,0.3801021761983816,8.602271828536367,618951,0
ok,47.64539857741249,175.2993155105412,0.8242447857866353,6.253885490728934,992902,1
ok,47.95413750596464,65.72446575823122,0.34765801166917876,14.32898449704645,935270,2
ok,48.53820750340106,245.98818893882853,0.27927270579270913,0.5630184979812598,664532,3
ok,48.66976212588205,241.9969607230716,0.6862638084421301,2.700698415834818,895247,4
ok,48.730136352485566,316.2106428786122,0.15388303586769791,10.667050797674422,651246,5
ok,49.060887306091466,189.45003266022414,0.4666491447436247,2.12788866840439,138773,6
ok,49.149174383843054,311.07791996698,0.654865020523213,11.041447201232746,750381,7
ok,49.71391591476759,275.14390098967135,0.5885851791277613,7.526264492845062,325370,8
ok,49.759852578268934,372.4290231127882,0.3819140431423428,0.5366470774845858,406865,9
ok,49.899580840629646,157.27452223651787,0.6024448405975896,2.681787827494273,784844,0
ok,49.99132307870946,311.5511917381321,0.45517471729590125,16.16010904449662,434548,1
ok,50.19185025160723,169.73828304085689,0.4132351517252361,3.7572207921972818,869167,2
ok,50.33107482176848,245.71171868860938,0.4926219378774265,1.3741077565505737,682447,3
ok,50.51111069699382,214.16744758701682,0.7112479962041511,3.0460756337636443,84644,4
ok,50.624460329082076,328.34421619024107,0.08614732899006006,2.6972740469471552,1598,5
ok,50.68841142668754,153.9644027625956,0.5552187039336685,0.9108602762222661,623459,6
ok,50.92655416242546,139.59424331320366,0.687313103677111,2.36820263506683,201651,7
rej,51.25206021837899,233.869408663124,0.7355364259220696,1.2518683612437411,732517,8
ok,51.257717839503044,347.8936661052535,0.3527675154345544,8.815291304663406,350645,9
ok,51.49711900447223,115.25028268973622,0.3904746281147289,8.122132875645912,167855,0
ok,51.67945873062812,229.54379037697447,0.5025744696091545,0.7777664715192676,251045,1
ok,51.96684725284712,147.52015187518683,0.5659372083725652,4.171769427826154,233935,2
ok,52.03498849104929,239.48244930818205,0.5562844349299535,7.34558747080984,668361,3
ok,52.271870319634004,10.0,0.5960211571960644,1.3149795139128637,469903,4
ok,52.317868744702665,190.7958114018694,0.5497989527937206,2.1840367498045214,397041,5
ok,52.318333328706,182.4172851284956,0.54394638641315,1.1416868010551091,744855,6
rej,52.35517410122468,182.40721149211686,0.5576273806175246,7.98572789017475,917947,7
ok,52.561488716328185,256.5104441179587,0.33556192699200443,1.0907847398186696,706504,8
ok,52.60365546300726,170.7537704999519,0.42555412809306603,3.2845907924696216,595749,9
ok,52.618177684215084,140.5424808359516,0.13894626422466594,0.12427222560813127,917019,0
ok,52.67962362601106,198.84445581753826,0.31740569469013546,8.735982235872351,434536,1
ok,52.89288248334958,214.3945760411317,0.35084956228891406,8.996530829357486,33077,2
ok,52.926854069730894,232.8159339674493,0.5549907072007666,8.202686403282778,421807,3
ok,52.94104230176817,258.9067548027436,0.20907025789983086,2.4247594005567183,914031,4
ok,53.09296662098629,121.21125749708995,0.41625513037871276,1.874848117768289,735921,5
ok,53.36258712803815,144.9947846291564,0.6750185010412538,10.90766119762375,595037,6
ok,53.38520927756405,150.59959550683635,0.5492947885389651,18.227821054597413,438542,7
rej,53.53597005065702,218.4205053173597,0.7361062335934785,3.238970428701073,809695,8
ok,53.657538800391684,16.404661160288356,0.9308914285689368,7.124141780909088,694362,9
ok,53.68207122345954,179.51228707940197,0.25289045341827465,1.9338148132837572,743446,0
ok,53.69169816370532,235.8376218701303,0.6136310353616184,3.9254516736446368,49052,1
ok,54.17654912081955,138.0689908748593,0.22471844594148283,1.2376896033747267,173722,2
ok,54.37105871357212,213.93842805310507,0.46354051304553096,5.417303010505419,466985,3
ok,54.37866331887613,238.3037296561753,0.7330964228642729,11.76846147498095,66989,4
ok,54.55131289418035,296.99781827147126,0.544039862408811,1.6289986232245826,271819,5
ok,54.650282009283,202.36744476696217,0.0892648234308619,0.143864666871833,735593,6
ok,54.75269120937384,230.59016331165108,0.639809120435577,4.877130355668558,165346,7
rej,55.143028299449206,177.67969534475048,0.9913658109245949,0.1,468047,8
ok,55.259536965366095,124.79489068835308,0.41387237613087957,7.663741356987544,553200,9
ok,55.42982883734583,126.23227189114053,0.5257458187672684,3.3034063256299313,927932,0
ok,55.476882990141476,46.59333148957734,0.5239984745875191,9.89609874447893,510935,1
ok,55.70938270456721,270.83163732136353,0.171853576582308,2.812181313027847,952148,2
ok,56.009122154607105,246.94622994748374,0.3144269250178814,17.59573872911616,588675,3
ok,56.03321039354865,250.93412112962727,0.30410106831499084,7.551446555949626,633316,4
ok,56.11751310745083,95.79410907014017,0.5994541943667229,3.237182370688869,792183,5
ok,56.132371168225525,106.14174597798736,0.3053038364405958,2.940561830606796,72,6
ok,56.46500452361733,169.92131015267066,0.25694958241730814,4.780321837729994,926810,7
ok,56.83114717664007,196.91929572110678,0.3324580712420371,3.031086150706269,40800,8
ok,56.86054962477523,150.75467220956978,0.09027257419136836,10.020240602743664,518607,9
ok,57.24836453213546,287.452615526651,0.511180093456148,4.68465626790811,341776,0
ok,57.30203700859225,170.57935400511954,0.24106428585877726,3.699352381571661,327216,1
ok,57.3077196671882,224.10631194472185,0.28695632029890406,1.2744715363942904,878430,2
ok,57.534720841278165,143.6976300383244,0.43835776238232527,0.4361329383033818,489571,3
ok,57.880542737335894,167.36451796529897,0.6204233807632054,5.4823440990148615,52278,4
ok,58.092639146149395,238.83291530405148,0.5227444860642955,6.170148423583495,848346,5
ok,58.10759291980393,337.7774163372024,0.5922098936392306,8.096361569466193,862684,6
ok,58.110927162653375,265.37191554876597,0.6098355586286932,6.868545660642347,917521,7
ok,58.200696611603796,374.28278404482876,0.12988500803343955,6.097864254294415,851878,8
ok,58.52105128254199,270.27057484074413,0.5530131772455192,6.040855481597588,435303,9
ok,58.52989921372232,52.410341767537716,0.5014311998123588,1.678587104759253,197133,0
ok,58.58489222135899,259.6184871874304,0.14872933938264477,5.753763925258526,575209,1
ok,58.624017101640334,97.14484493026833,0.5620605246732417,0.1,663841,2
ok,58.952475298302225,128.68683455124403,0.5162470189221845,9.255035646521504,87521,3
ok,59.463292723216874,154.32050481521884,0.48717025965890615,0.625242745218388,878128,4
ok,59.52338106045612,368.1249181106365,0.3759667005859266,0.31139594755574435,760798,5
ok,59.642618048246426,256.4734083790994,0.7971508408599477,1.0235499219007216,136861,6
ok,59.643395890225484,201.34568677682296,0.44855875242990983,14.304207363323044,15444,7
ok,59.77260385789421,195.78695097574212,0.867941084578111,4.360040971344712,421335,8
ok,59.78949079555635,226.88190531284462,0.597104510673106,31.59693515119006,995672,9
ok,59.83366920695798,164.4953297332577,0.43535784020687235,16.65039976946644,711474,0
ok,60.02343913388833,215.6264599811697,0.25258520068169343,2.670200091204535,437764,1
ok,60.043972721880635,227.5396943235315,0.46958116957036655,0.39310973293281604,331535,2
ok,60.121182017085026,120.94006327648846,0.5275231642280243,6.401112049767889,3557,3
ok,60.27089622782209,122.71455237224559,0.7113975783636541,6.176178235923697,223896,4
ok,60.43545974962231,105.40511308167046,0.20009625623484262,2.2244599722641283,14985,5
ok,60.555300318969266,124.22160965111713,0.8550152144725516,7.8338453754718875,752168,6
ok,60.714957047916535,376.2236879112635,0.43908353217772667,3.483498724251687,791416,7
ok,60.923551455951426,383.19492474626804,0.026980665447714325,1.4418821434209452,2472,8
ok,61.03967375886756,254.14736517347748,0.15477384417719903,0.9297092040499335,862696,9
ok,61.061388953100845,70.01525234681912,0.13156611458066236,1.5606202258437663,708587,0
ok,61.079026354856616,176.88312721656598,0.15389781001005276,6.4775772748932,554010,1
ok,61.159540438188365,158.2407403445418,0.29355150421771586,4.3077840494726924,641793,2
ok,61.398981620282456,96.43748734096113,0.33283722520247405,0.31943590035990355,102534,3
ok,61.6142399100454,292.2608309837292,0.11208792371963378,20.538796140681626,199711,4
ok,61.614439390456035,231.70573472991913,0.3993118864143313,8.177048522579923,124679,5
ok,61.7977403805117,231.99652534080764,0.5061805298959224,2.5224334532366948,637911,6
ok,61.91288560822109,189.04632613150318,0.3673569385342249,6.40967330573384,680804,7
ok,61.94698295834351,212.04091828194692,0.5715279390067163,1.69540586469227,208159,8
ok,62.130149571451035,266.997952234885,0.3394420498343095,0.1,916092,9
ok,62.16681851719352,217.0892478070994,0.8291171343492115,0.6105678361459523,317106,0
ok,62.229351579570874,286.2584183798168,0.10627338764486544,5.512756267976679,293583,1
ok,62.45907457813569,10.0,0.4873082809637228,0.7772874488808089,721986,2
ok,62.663305610690344,144.8469342510865,0.8221555143717626,3.653542379947334,191072,3
ok,62.80007694823747,269.9029642353843,0.16634331306825828,3.3335593760366877,105047,4
ok,62.947509180219,196.13691770497473,0.7671391894346102,0.7208937972112852,498708,5
ok,63.18517361007327,326.6365109397987,0.5989477901622762,6.098219004218248,895419,6
ok,63.61625601324503,283.6493568889772,0.29150211882073135,2.2759796961969565,967594,7
ok,63.67915675437559,144.812865147892,0.26171987213540193,14.811173344234943,415966,8
ok,63.72242147831399,239.38949115380362,0.19913567291011125,1.4922724810481804,658127,9
ok,63.80258234400825,160.79456594778068,0.621490545830612,2.7816557978005427,85296,0
ok,63.920440476479456,234.6300481032767,0.5083213319274408,5.702959990333395,22906,1
ok,64.08879883997778,193.43285165801584,0.589600812383645,2.195469980963036,288058,2
ok,64.09440552427348,154.6440131918599,0.3637494268261148,1.013669187931927,958273,3
ok,64.27010744785422,361.8712789334121,0.5866237003004875,8.586846450731965,474982,4
ok,64.30290374637396,295.9482719820855,0.29959834227123716,2.4941472151976556,838676,5
ok,64.30661723158113,268.8990263330041,0.4725580608530995,2.629878304363955,830830,6
ok,64.35709720711793,136.65540733506657,0.44667891329838294,7.752295455055707,121403,7
ok,64.51100447351546,227.33120232194716,0.3825761833858937,1.1369869428146138,903201,8
ok,64.535218320234,278.1979161730428,0.3888133465675881,3.8776095818473033,268947,9
ok,64.54108516515342,355.4976715100838,0.4237103777710606,3.864940959625419,139901,0
ok,64.64729573373197,243.45447052370383,0.4140185306624087,4.120822595668889,685314,1
ok,64.80343706112116,196.20022184099597,0.5637514936389737,10.64595856495686,546167,2
ok,64.80435051735779,206.84881057886318,0.41150842266021936,1.865832319693954,856973,3
ok,64.84002386710408,124.50162439281102,0.2691934093956486,6.527217367821745,682395,4
ok,64.94528661513324,243.4906509116472,0.5951733251580459,9.255473253878488,676269,5
ok,65.01222853071776,259.45132348220136,0.47254999168180833,5.420051018674796,363911,6
ok,65.02271472404158,31.542137386422553,0.6233868474649357,21.88419644775914,120700,7
ok,65.02443341142771,319.0036830906047,0.6492459567246759,1.7047586725403532,914215,8
ok,65.4789290574267,203.9033482322451,0.4328557710068491,1.7453074424466286,161942,9
ok,65.71526219436242,250.92654230717156,0.9350626926840808,0.6085119860714917,291933,0
ok,65.81238885249607,235.08678683234535,0.5253781953842874,4.397998414951682,892589,1
ok,66.2403215336505,208.5142022417587,0.5654160958178871,3.5251675608616018,19476,2
ok,66.31874655360379,140.02180863759997,0.7402652712247253,5.080120889749267,44352,3
ok,66.43447067801966,251.16800585989677,0.037347431310380375,5.180139005407508,42638,4
ok,66.78814271836654,351.79958556445547,0.750972079774444,0.3513388711354797,215729,5
ok,67.16827528673537,312.9035895174318,0.5263095767211526,0.2579986179629687,714076,6
ok,67.2365624876693,130.36468259762603,0.3184405503204575,7.83797171855483,272283,7
ok,67.35878895570981,181.2931951794817,0.494242236168576,16.751752804383564,585478,8
ok,67.76763661033173,250.4829570867759,0.5084432688452166,12.061767979227016,330000,9
ok,67.87746969937926,115.27901628778125,0.25529844260330836,11.409676451008377,992479,0
ok,67.96207579875961,169.67420175798526,0.38883319109527253,1.6203120998352265,384716,1
ok,67.97855977862704,267.5918080658747,0.48499043613721926,5.524900747516845,984024,2
ok,67.98796407498683,299.452332003769,0.37664386481137785,17.057075616782626,595033,3
ok,68.04925357667098,258.9086832290271,0.7656572230870731,0.4064562273286504,954048,4
ok,68.09805381808803,238.3890914069688,0.6679639634831073,2.2810904069306264,890700,5
ok,68.19221222469082,342.83121092498885,0.5714084519140437,3.6340983554558015,44044,6
ok,68.21006271885508,161.59868981652892,0.7800943510602733,16.4968908236473,887472,7
ok,68.25173725228994,132.01105679019344,0.2581270438867693,4.24686524669964,785524,8
ok,68.53330664331253,155.49363609595792,0.33651678811034447,4.357541070725156,735392,9
ok,68.60902522528976,303.61457348688043,0.45745608425303086,12.877109683183974,637111,0
ok,68.69108060373699,279.6320089165991,0.6238894549395768,3.6528582077291354,687196,1
ok,68.73465414289578,289.0731414634628,0.8612900636539415,11.591683490579417,518505,2
ok,68.7413829219722,205.9050941887714,0.675843872684728,0.1,746961,3
ok,68.794216104195,192.6302732321952,0.8573289615753742,19.60003331111633,675433,4
ok,68.86287078654374,278.87091051240367,0.3937315022958241,3.969333515507738,946560,5
ok,69.00621221180492,246.6461716280853,0.7079572981347123,2.744433335976138,480944,6
ok,69.02287456039254,271.8023554392692,0.5362451195708822,2.714096934884556,671236,7
ok,69.32487911240011,390.5607999109118,0.5139079664746159,8.948462316456647,456592,8
ok,69.42881454887561,265.78705480223044,0.3014322723813587,3.5171335580069103,390541,9
ok,69.51026066572058,265.3642213215464,0.31164695815641513,0.5983580791832254,913740,0
ok,70.0917057550385,209.6108205398239,0.7404683455783064,2.7630403626553024,564059,1
ok,70.13389616431495,284.05063076840804,0.5008813783616302,1.607962263595506,186948,2
ok,70.220673998853,142.42952957943072,0.26539754625980455,1.0552134949994343,217940,3
ok,70.80324871014946,329.71947563079993,0.5995920185858405,0.5170893161035655,393823,4
ok,70.86023517914288,232.56660369709067,0.28284399012645356,4.8747527538499416,615645,5
ok,71.0879303586125,161.69879596506934,0.18236658840634656,0.1,305172,6
ok,71.09697673842876,191.45071271701482,0.19066829997032814,1.4485722694933219,9329,7
ok,71.35860024093998,242.9409306306569,0.4555730047615724,18.402029428998933,145182,8
ok,71.43329840042864,140.46494202594235,0.30505567850937426,7.487999940122721,158359,9
ok,71.47321214365121,166.37737124086075,0.03147272015592506,4.279637973797375,284555,0
ok,72.16657359739787,146.03975080454194,0.25354084078221256,1.5250987049541114,349604,1
ok,72.22257714271008,178.334524820526,0.34576743221033357,10.94026028498874,353906,2
ok,72.26690995111665,242.8948772540326,0.46910201796637874,6.516737765879843,827979,3
ok,72.35780967717761,166.74267201987885,0.5611610377079819,3.1226818736484407,385038,4
ok,72.37353854948684,156.7432261077447,0.4195632067768332,2.2455275340129273,753401,5
ok,72.43362397046332,309.22707836670065,0.4758211635472655,8.45371671769665,98259,6
ok,72.60708247700605,196.4906273907061,0.1298160159931816,1.030274458589875,354687,7
ok,72.63317586238543,329.7290438619331,0.41278783072276365,3.7389066680611247,817277,8
ok,72.90537186576165,357.87614209480273,0.747380208476367,16.295253724671245,650681,9
ok,72.90831072245157,85.10614585334459,0.5302625890129616,0.27578218779405783,37397,0
ok,73.01899712929685,257.4642728554362,0.6424787922181161,0.15378290876844888,43204,1
ok,73.08430594138045,154.218074878714,0.37658310513253235,2.0709029947624202,282719,2
ok,73.12492149494592,191.5847573440887,0.5658940598798226,11.229725067276465,171820,3
ok,73.14988675462111,185.50439527275796,0.4972709307634422,8.31131355459995,156674,4
ok,73.52557432323904,148.99376492284665,0.74742121682257,11.977700559096949,611792,5
ok,73.56949212720555,131.9070003202848,0.4617125790040793,5.3492344700208685,303595,6
ok,73.5732480991273,359.51466193660804,0.4671405971344732,8.608488672470116,378438,7
ok,73.59355434643838,265.9961826836167,0.6913595725031071,4.100024846434163,413969,8
ok,73.70338193823491,215.84994999733334,0.33880085176963537,2.4024699625831474,575127,9
ok,73.95610481556089,257.76407240751547,0.14762194582007437,2.7806092416723587,135938,0
ok,74.21730335967295,178.3013541785872,0.46830659420671544,6.904658250628114,307659,1
ok,74.28387265386688,169.82238059072708,0.5141929677251094,15.194221043837235,120477,2
ok,74.5464490366432,191.79759930806875,0.5052591973686708,2.373886818897905,501287,3
ok,75.0281478862168,127.67828310344923,0.5967083577034195,3.086459202935185,766007,4
ok,75.45356438291529,165.10300120651996,0.5063696262935846,4.834922139178319,251350,5
ok,75.49311170987666,183.51641095544704,0.32973651893410316,4.088147880607332,979112,6
ok,75.49526015761647,243.41181106255257,1.0720109128805748,7.897172334110221,50600,7
ok,75.5641184520568,330.88510247863235,0.5722685538075286,11.372217627240016,322835,8
ok,75.62387989834158,328.6639628761203,0.6679835006525172,0.22117383016563522,188310,9
ok,75.82553586120522,321.01387529357,0.28217897510227585,3.190114796707093,898667,0
ok,75.97701092411594,132.6648147434189,0.6224379736189992,5.426125012311593,548457,1
ok,76.2152586811802,261.4528077924343,0.34264931825358086,5.023221133986682,764056,2
ok,76.6032458667743,145.37085521354973,0.4052886711081951,1.870711754124036,74305,3
ok,76.64053967707036,265.03061177322405,0.6791218889741867,5.538541171020216,317373,4
ok,76.67101841956374,370.4905687680697,0.5901853685578753,3.4726616874406995,422753,5
ok,76.71270061786281,120.84146943566856,0.27317653482811577,1.0588548508278697,876147,6
ok,77.00295172347425,190.25866753067078,0.7275298000871373,2.288410559868652,344478,7
ok,77.35272257023529,222.8764311676434,0.20345200826348092,0.2801972005522423,313760,8
ok,77.37924836119417,331.51410143140833,0.7108876021954258,4.349371899048241,434867,9
ok,77.63389329724902,300.42135277318823,0.4737558676902818,0.6413684453931136,113929,0
ok,77.77760677248884,94.20346636792371,0.515065771723373,18.047314055929707,104228,1
ok,77.82925060953792,273.9866090689436,0.5563914183576024,3.5330757789196756,588072,2
ok,77.84454103566515,160.17584406969695,0.7161904890837639,20.39241577784274,952796,3
ok,78.11362371652527,168.65964105461808,0.6926517189463931,7.076140216815058,504545,4
ok,78.65018410233202,10.332183110024175,0.926437500625493,0.1,497029,5
ok,78.8007656353599,166.6172201306743,0.6184648414169923,1.8918616018153873,353454,6
rej,78.88757840295445,74.05363333433203,0.39597359799334,2.604693802340694,881693,7
ok,78.96330891036882,201.21610250606827,0.3328486167707183,0.8950944835821164,836631,8
ok,79.0202509380288,161.0721096023849,0.8136890450022893,8.22406362960156,851788,9
ok,79.17884406202954,204.23441356135723,0.6372499872917854,8.10117884987468,360344,0
ok,79.22758741225459,113.18702668200666,0.16350074800645492,2.6459301992782214,130364,1
ok,79.24121013151249,126.05585099896393,0.5087566101914103,11.025574230883212,502358,2
ok,79.24919011493222,59.260657076764176,0.41779171264636883,0.8413206293883725,121643,3
ok,79.44065525193876,140.65086644507073,0.5900718516781044,5.00877527320638,733578,4
ok,79.63726648210289,181.9515588644628,0.5302487958753068,5.78405822888191,521912,5
ok,79.79462464120684,202.0169593194716,0.7270151219909697,3.091070604382618,447254,6
ok,80.21409168144989,222.0542495313326,0.7783605038567756,2.006994964685765,39661,7
ok,80.44732503147162,129.03545636110846,0.48058972922371757,3.0339692667277856,316568,8
ok,80.70425979902932,175.6208554495999,0.49350955006652303,4.727121668055785,351358,9
ok,81.38923980668594,234.67640434724154,0.7345878722741915,12.290284956106976,770442,0
ok,81.59921007008032,408.6660810767506,0.49221881048180205,6.570665011430108,720487,1
ok,81.83340679647804,358.345363331675,0.370760862928027,7.233046637298221,937846,2
ok,81.9303376219273,175.84862318265226,0.27210545790639107,0.3999422618856319,163225,3
ok,82.07645383281425,310.0513542171102,0.14026165152535047,1.8134699379411765,964363,4
ok,82.1738043852258,284.67812252843873,0.3229928804370045,1.5010781719887567,174646,5
ok,82.58940474796744,157.1046156976826,0.5402742128769601,0.1,657186,6
ok,83.31749370088764,143.9252322805645,0.29096224667956805,1.1685838452565112,591907,7
ok,83.64655665919427,205.03471006154513,0.9362085150966506,4.078278481698889,393815,8
ok,83.69437405889506,95.95997669390583,0.8693664056630641,1.1108959974058457,845276,9
ok,83.82798333155374,300.5677985721283,0.38873138724735956,2.6840940040127617,669912,0
ok,83.91671186779881,179.075783043447,0.788506854174304,16.93959985802973,91144,1
ok,84.11360874082037,306.4213698280521,0.13072460940176328,5.914184429255355,69032,2
ok,84.25350851360432,199.30946512484743,0.5036943849999107,1.7220489796794536,847010,3
ok,84.5661447281747,153.42259245418168,0.6174885568549778,4.220395475289512,88782,4
ok,84.73733113612352,130.5495853780504,0.11113098941433136,4.2829987483578,207660,5
ok,84.81601082965585,47.950284897978406,0.34701406529878875,4.697336897483612,786295,6
ok,85.00300129428332,297.0919630092744,0.6680781756726302,4.436108998953772,231796,7
ok,85.5108813719781,109.73732510943934,0.4996658894052224,5.796448334044762,64126,8
ok,85.6260680027233,291.411788839474,0.9506506811076378,13.992258280006677,403504,9
ok,85.64335461251441,242.82612734181163,0.20625297993956482,4.739232716179026,8232,0
ok,85.67644830597557,10.0,0.1330848955085075,3.01754497422402,102840,1
ok,85.87986372881373,328.64897888226426,0.46476253879882046,0.9104946987036368,412937,2
ok,85.97476587979841,166.19651292728352,0.5849863122107648,3.1267153179869704,583505,3
ok,86.09217220403413,245.95863763811226,0.3589440061690754,0.41145584340592484,544214,4
ok,86.45798415379251,35.48157247629484,0.420242734557092,0.6210576866264526,303899,5
ok,86.52881975882794,144.84674041719728,0.5543368472925276,1.8283556943321235,470332,6
ok,86.75481926744472,107.00018812925819,0.6157489640659715,0.8771853217036596,964850,7
ok,87.04837829870452,131.80900265144948,0.38671364137756525,51.16253412246419,512353,8
ok,87.09461493654146,191.38851971477246,0.2887459345719498,2.84885561038073,826580,9
ok,87.42143914671716,106.58674384128913,0.46615856956573853,4.50491865009571,613300,0
ok,87.51786108078281,234.71277098975037,0.24598877765724037,2.0793293018800094,749109,1
ok,87.55189800747472,50.593240307664416,0.5186455011457375,1.2560430950023262,712300,2
ok,87.81664212541311,161.27124731654106,0.3480939262562043,2.4399287529192994,227806,3
ok,87.85660552454266,252.69588682539347,0.3594451533314565,1.995051119278418,443587,4
ok,87.87152569428812,115.37775598215008,0.5231010288804444,2.2120949004810737,87727,5
ok,88.13847614613925,313.1491620000229,0.22069248120109264,3.6141729762474823,386223,6
ok,88.15699875299168,275.0827086566684,0.578591636193681,0.4892355827933417,230831,7
ok,88.33213927014312,262.07218426267787,0.5805024491341755,0.5495873704938345,273590,8
ok,88.37774483016712,252.91698836924581,0.5865036390623586,3.0193124277049534,613656,9
ok,88.44896286003683,168.02564851336018,0.6257384093532299,16.586421852415846,814848,0
ok,88.50626426836145,135.39817937783738,0.40584215951457764,11.594134881395723,174672,1
ok,89.0490428281154,296.70087247818583,0.2948995591175011,2.0421229889757018,452168,2
ok,89.06290797981741,283.02179594714835,0.06811691971065637,0.656336982289379,201268,3
ok,89.27606403966173,72.7581558125674,0.49684205256620145,4.491757759164604,375935,4
ok,89.47310028431639,296.82675963809083,0.2928965627666257,2.791850645284439,120599,5
ok,89.88880762287064,147.5981479503298,0.7470910465458659,0.1,66959,6
ok,90.02275033682928,177.45797972982174,0.4549709280290407,13.424827431468337,861909,7
ok,91.25813797113862,126.26940873753827,0.2860299979989475,0.901551538988299,905528,8
ok,91.33462645268575,232.74304508006813,0.6486164378055188,9.364789860366972,894287,9
ok,91.36705080643335,229.88200350622805,0.5411353098411155,1.6523641450529014,736104,0
ok,91.51371248293692,73.32389961124795,0.3500246647245995,17.47042483606297,28960,1
ok,91.56729778301128,180.24323086076015,0.326147375653434,2.968122981193603,946875,2
ok,91.74169490765865,196.4561449170611,0.6530875616838289,6.352639110337641,551357,3
ok,91.78790580967471,184.66201779982455,0.37731661585091436,5.985238000483587,473549,4
ok,91.8280386262591,227.47351634448435,0.5853681041875487,1.0786216421029777,788988,5
ok,91.87825453205431,157.0039148188775,0.636556064120989,2.014358462101729,709803,6
ok,91.9307761747445,210.95321671061382,0.351232905912202,2.530119112742493,211485,7
ok,92.05603629963383,233.68122229331152,0.45198851108972615,7.155243033545493,124686,8
ok,92.06480507536077,216.28386824187422,0.29858010339896013,1.6720010256927265,521233,9
ok,92.50401524161549,261.4926516736574,0.8018485700144116,5.938661041620343,417284,0
ok,92.5760422782358,247.71239915575416,0.4651672741339614,2.0167901587128862,268938,1
ok,92.58133216388035,305.8148782955071,0.40965269790090375,5.227277760037381,217298,2
ok,92.99066633132608,164.27017984794935,0.04937877570749949,2.7972978524708143,672134,3
ok,93.00614257850945,266.27247868602507,0.3275266670205201,0.11638173180426686,44146,4
ok,93.0241101770142,110.07245780639818,0.5799125233686058,7.321760034496906,994009,5
ok,93.44976310185798,234.02088719977587,0.17981705067199028,1.9138501719190315,836169,6
ok,93.47061833180253,179.1430053509756,0.01,22.909957910568046,226381,7
ok,93.47603239086484,264.2477471613411,0.4092387471114447,5.389572342148945,653698,8
ok,93.6951115377433,295.6938216825358,0.6477524534857342,3.395449740218672,153463,9
ok,93.72376895408692,223.05686301121307,0.7634786035200212,0.7512384956329821,109712,0
ok,93.92804550609826,190.73626509902746,0.569038046775906,1.7372470947809258,207586,1
ok,93.9387096329023,223.9190779097685,0.5214314133380359,0.7308702477800553,480675,2
ok,94.02169693166404,267.9008659453708,0.575946106760601,2.059205982071242,396395,3
ok,94.28239465035313,175.30745709722748,0.40978517224160455,11.593914200669664,379209,4
ok,94.37118383400085,164.3441798008093,0.5208757599072538,0.6870654986857692,572932,5
ok,94.37835977655817,167.16169909935226,0.6927069835825062,8.062149328473037,867158,6
ok,94.43513463419731,164.31390666059838,0.4489930639984072,1.647429623169789,158685,7
ok,94.51484389612779,184.2478300084314,0.763317248076671,17.77796607176766,109834,8
ok,94.6123545373007,194.70839973307443,0.42574389574670357,5.8381900293270625,625203,9
ok,94.64572377742203,202.86077785126614,0.8842231950619401,0.1303739366331572,511601,0
ok,94.83182168040138,134.7170117235102,0.5236006854227953,3.2238239115050753,155610,1
ok,94.8741572700059,170.9041473486699,0.6284117593793375,14.209657215229969,591296,2
ok,94.9729010853985,280.0087424334865,0.3874767218603282,5.976723640056169,425624,3
ok,95.03969752176526,301.2255408673185,0.6177442922300765,9.537797917932698,669372,4
ok,95.25158065301552,228.69235071867166,0.4270604590338409,0.3020900911221736,712957,5
ok,95.27950026876742,129.79896803691585,0.5559915338683654,4.623474680571115,443798,6
ok,95.32551523697231,56.06420523456026,0.36269454022457115,0.3637867118278795,920289,7
ok,95.41234846684506,208.159375586723,0.5845985124545426,1.7836023792845102,546547,8
ok,95.80322056401587,324.2010501280566,0.3258782976958212,5.027151016289499,519470,9
ok,96.18518464198881,198.7258033680097,0.6835853234248138,5.868208618891694,712316,0
ok,96.1942275248666,158.92956013297152,0.41794797976156445,4.5959820407037135,961593,1
ok,96.22173666700057,187.64030080773995,0.43123903633297606,5.6538042369906485,930906,2
ok,96.32954005309892,276.88430085961625,0.4024331552634473,1.6166782592092588,338124,3
ok,96.3672707304243,121.58444925308346,1.0394706568884051,2.95270622177829,874023,4
ok,96.388439331757,63.34907025461257,0.5065866830628898,2.489381501808981,522653,5
ok,96.55377000854463,329.44312266441386,0.17175558511258232,6.861914200565403,522868,6
ok,96.62062160594009,125.76117068211725,0.4288908677361964,6.6639727424675606,665913,7
ok,96.84853452238877,284.1680545322912,0.3638685146814628,4.710774962823528,702617,8
ok,97.0401421998033,320.7457831226404,0.3918956059912084,2.625545052779614,917188,9
ok,97.05176054465912,48.62331724256302,0.9191074738730478,1.4576465660151738,211803,0
ok,97.33009479474684,165.2632909445556,0.477926224812555,2.4074324499527915,569176,1
ok,97.39916143141734,225.6505252021713,0.5775126852172028,1.115508922856788,639390,2
ok,97.62747798868867,138.7588748110588,0.2558419482772586,0.3996468628590865,976552,3
ok,97.6345964228794,242.2887324901097,0.5451665663146762,3.3963875950807876,229400,4
ok,97.86690894411927,249.18800817634246,0.7193519383532462,19.135866530395937,10176,5
ok,98.06946366840666,270.3859538663979,0.3629151305791372,5.899030044626202,356746,6
ok,98.13321700433097,148.3162158084891,0.6526986128503754,30.730036906900835,739868,7
ok,98.28123343177765,410.4061441759658,0.3298993751806669,4.719244000193954,783327,8
ok,98.7152321390114,159.6502637805547,0.3500834592454871,6.182325849806599,942678,9
ok,98.74951338887065,171.4153911455233,0.6728949131807836,0.9973756072694464,333719,0
ok,98.75561238425357,295.68072712873663,0.5702974468110896,1.5996016694219664,857859,1
ok,99.0675418494456,338.49559668890095,0.8728947937727621,1.1305666896915805,337457,2
ok,99.11845226545401,150.41645689780262,0.48855621401495947,0.8112795809492606,37191,3
ok,99.14084375495945,311.08133378497035,0.36442036617481377,8.898274898157068,550615,4
ok,99.16306261414942,263.2524569214083,0.7333442618287402,11.06771768711409,155573,5
ok,99.59644472679686,161.82234104301781,0.5846803437790188,1.0819229994846573,916962,6
ok,99.863616617928,186.15741514215327,0.5836838329236846,9.231123695749066,269360,7
ok,100.10836425260324,300.25712439888696,0.8996971794547051,4.288203930422317,631857,8
ok,100.15317904492568,90.3608586246535,0.627061986839348,0.977838241381447,822258,9
ok,100.21975980217402,269.8725400478148,0.7960280550435526,16.74521859339677,163478,0
ok,100.34972818731143,187.32114339805062,0.46644058280132566,0.48843427974269127,883250,1
ok,100.37624958416825,290.98229335130804,0.5658598424547001,11.215341991391545,397415,2
ok,100.44011193053278,306.9660431254576,0.5506662599285164,1.870344740198099,611265,3
ok,100.55330211059739,192.507955344352,0.23978859506401035,0.950189821367688,308682,4
ok,100.63088830810692,97.0611939514321,0.10211172374560601,1.3966666096721714,753015,5
ok,100.6491673926352,125.78817960917593,0.3401784914690484,6.6268656710063105,740685,6
ok,100.80694493062028,133.3785765960214,0.5344313847877842,4.17657138923385,846258,7
ok,100.81726400974587,242.24445728704413,0.21049108339052164,13.20026328882306,493283,8
ok,100.97631867764079,286.84135883534043,0.8745179030883816,4.604858049961996,69582,9
ok,101.22737658074891,301.41346194483015,0.40393775586014563,5.281456953995907,838803,0
ok,101.27277997445694,254.3683231242859,0.8411033854436144,1.6051237279926267,88754,1
ok,101.34399194263082,133.07102820641663,0.5723057142495195,2.8306310062470086,541618,2
ok,101.41135740876382,312.0837431527597,1.04473755088073,2.292167589918092,911102,3
ok,101.591178888754,272.1628995797095,0.4637358162709418,1.62566925247431,959986,4
ok,101.61481836062252,313.2075748892498,0.34532707749484537,1.5117726655718813,41330,5
ok,101.64746453121957,305.9564862690474,0.40567025108817273,12.09465941811237,69577,6
ok,101.65143860610158,296.55022694412673,0.9356629718610352,8.39779136302358,236024,7
ok,101.65651314219825,242.53192938543626,0.6412264992683993,0.8462415473839291,136833,8
ok,101.7374402402258,231.23170681455733,0.4863085888385667,2.2923267321954244,42605,9
ok,101.78081393485748,290.9454136224713,0.31893238538838,1.1136733866365909,315042,0
ok,102.03025452080797,232.8901854436221,0.5158484932519626,21.746791897289455,16027,1
ok,102.05585333395308,176.02370650321797,0.01,9.840618545281087,795762,2
ok,102.1794332070686,193.2943299256094,0.8088527072763052,5.226500425196176,884950,3
ok,102.34562963234039,178.84769116710547,0.34482002042248916,0.31575047845099613,470379,4
ok,102.40598832801219,257.9849942825862,0.461905315188375,4.185917556946616,346653,5
ok,102.55915971023357,188.3023974655524,0.6956645548197291,0.1,903771,6
ok,102.60115256164197,93.16537881465322,0.30748490197269496,12.918458229435636,168495,7
ok,102.65520708457923,95.92691933251635,0.6803060058485507,0.5152536972889818,839537,8
ok,102.7421599428435,215.50306399597758,0.6382617279218928,1.171190751910398,156048,9
ok,102.88554190147875,141.19779913640178,0.7200998015253623,4.095926747406107,910893,0
ok,103.02873646669615,230.36279399701152,0.49228561322427883,1.0509753905164467,687953,1
ok,103.11138768495016,157.715436346721,0.2137813996981131,2.8205231939291076,483115,2
ok,103.38338741776423,123.76408712991497,0.8944379659885417,22.113284741919035,389359,3
ok,103.50244982382415,294.6488577017613,0.2806613548826906,3.4229189829199624,529530,4
ok,103.76870507052018,178.53202990500088,0.6604281491252394,4.131553785444302,400799,5
ok,103.80732227535213,165.5907461619815,0.714164873731206,0.5012035103489898,944861,6
ok,104.23252941391786,77.1307671813903,0.3358497218642439,1.9014391106051023,555543,7
ok,104.31667870180029,122.06740064599431,0.23257530727558345,3.5852177918238013,526834,8
ok,104.31770632536828,327.9503389724852,0.39033019940672,1.5658762680590723,35251,9
ok,104.36336054266452,259.09221276111384,0.42287323802624505,1.2815475979072202,601748,0
ok,104.46666731774874,293.58064029767945,0.3557742233909772,15.386415556194866,95050,1
ok,104.52512567438364,165.80091466482813,0.5419251864841826,11.283129745448264,711533,2
ok,104.53777691767593,258.2423500987469,0.0646986076546956,1.529757347393681,832721,3
ok,104.66874400024523,339.11035985682855,0.5871560130388567,2.1858576697850154,844219,4
ok,104.7674550846649,240.19405540006503,0.6009667270911274,6.263014466448364,543160,5
ok,104.86504835037209,151.09550786368274,0.5512759736315546,3.186833251207373,794659,6
ok,105.11094064839995,247.99828469257594,0.5291686913719301,1.5202669120817955,629294,7
ok,105.12359812667786,139.8301007748547,0.5465583021278406,7.619406710956957,80067,8
ok,105.16068720202269,308.3770937777904,0.5337196810701241,7.756679258601804,783249,9
ok,105.24632838485923,199.822939200687,0.5889938089742056,1.6341344314854223,447077,0
ok,105.29134765936239,166.86180091951996,0.8209373889357178,2.7132026732810717,949779,1
ok,105.293935078914,262.85268419127647,0.4150987451077108,8.135578698380233,791274,2
ok,105.46548936604361,178.88203718698958,0.11037319431582626,12.02537466417368,216116,3
ok,105.52618077442682,245.832189244207,0.15945334677751993,12.307569992303034,303734,4
ok,105.69391222212374,177.2705527620035,0.5637725563413286,0.6714552358094361,561424,5
ok,105.79208953169474,213.2325471950433,0.5143504800663204,2.322369996989821,944912,6
ok,105.84527699996829,358.69041720447353,0.5340103982082981,4.1738276618125,627692,7
ok,106.00575807311694,279.02828647183674,0.43471447182414985,1.010431556770411,438137,8
ok,106.05321531811778,144.82724451302732,0.7297170014057208,5.5154304415634945,865805,9
ok,106.09563946203332,153.0417417849095,0.31566186410227415,10.901540718901025,505637,0
ok,106.1728673247448,143.26922675950954,0.28190401588294933,0.1,886562,1
ok,106.34909253177986,239.53895166089143,0.22308234477010064,0.12715080572010837,829465,2
ok,106.57393935799607,238.89753362710198,0.45402175498878666,1.523220373434935,407444,3
ok,106.66145550478184,69.91455440634584,0.35336569218789504,13.110755741437025,636936,4
ok,106.85593963145065,212.71229727055922,0.8188325016934319,8.710895907295003,614872,5
ok,106.93259969054608,154.15264392032248,0.01,1.3518979718148634,244917,6
ok,107.25415614068086,136.55021983256958,0.37321767091040553,1.3969282049372411,892670,7
ok,107.466680529919,167.91395007600357,0.7955203550170423,0.1,906784,8
ok,107.9315207382251,144.1277938165901,0.7264650959606027,1.3192681472976788,836826,9
ok,107.99081051778028,252.37149233830849,0.32295587113125757,8.758425386295182,21476,0
ok,108.12077288579017,111.38311083658236,0.9771968153832861,1.1138676501466014,688898,1
ok,108.17814771708092,372.70030484938997,0.634693623378748,3.237464665425037,928257,2
ok,108.62240991762793,210.48879275761547,0.4247898358356895,12.015227158976646,252,3
ok,108.6561506999854,254.3571279198733,0.35163893917335487,3.331297519848295,776727,4
ok,109.26249469231722,259.5208766916126,0.5313190286912604,0.1,190808,5
ok,109.28347893883601,137.2293064366974,0.8464506250694199,9.038364172120199,317133,6
ok,109.3535023905073,242.64357326529228,0.8432186323986908,0.6386189746625347,531478,7
ok,109.51171179015101,147.91559575299132,0.5699275307987596,4.1266711895578485,597967,8
ok,109.56283006344597,13.582950350553233,0.25171632496732976,0.5533976508911719,266820,9
ok,109.58433038403919,308.3808153400912,0.4384306912745925,0.5282372536954101,348846,0
ok,109.61663035910874,268.1281552284973,0.7625346026039199,4.139383158166047,68808,1
ok,109.6401689118983,166.2213890213166,0.5693616843550988,0.7239607581131711,517482,2
ok,109.83828344468307,83.89616358631464,0.2974244896900206,1.6333069627978456,901653,3
ok,109.88740860281602,302.54795557146406,0.2918774794050373,1.373909533716534,274734,4
ok,109.93659939530038,210.35810182576648,0.5173122531770583,4.744534131061316,988751,5
ok,109.95048235397434,374.4024185519873,0.6418948446343092,1.884772360006369,865096,6
ok,110.17051522526818,230.27075438840973,0.7834654033644208,0.7833602172984432,317513,7
ok,110.3199255039289,177.91045395958542,0.5873660593692425,15.932756642271206,810004,8
ok,110.50434483631892,270.9309548999536,0.1969002506706668,1.8397479808888888,427895,9
ok,110.51744101651792,241.03682337727636,0.7005649480221321,4.759597983872429,402820,0
ok,110.53661010307658,273.4307991193965,0.44023211630341075,0.89147513544127,849385,1
ok,110.54274613306866,151.7351101866317,0.35082719192783735,7.6541162835357754,402317,2
ok,110.67331189443843,357.28393876294564,0.6973430305408204,0.6700682925690027,65283,3
ok,110.79116117542279,140.45889311361054,0.26329217045985515,2.6282716410222107,171751,4
ok,110.80660100021753,69.59861994586274,0.42607356308294614,15.921701326231968,672121,5
ok,111.01960900112846,176.15952168294868,0.8499585885138552,2.6430703666535313,980968,6
ok,111.20850578177644,368.70798493990117,0.5515154437042211,4.175777509276761,133505,7
ok,111.3641856294001,181.23819639529958,0.34443148003136537,0.9141435579352352,250559,8
ok,111.39882685572701,201.27315805428532,0.21337773396205367,0.1,301033,9
ok,111.8142439558549,146.93487510895622,0.5056227858126118,5.729366099250541,764884,0
ok,111.85339254144455,190.95062639890216,0.4827085611058212,0.29294899682062514,870255,1
ok,112.016393272144,257.5717118193005,0.30414936799909664,0.8252037961598325,350250,2
ok,112.1238675356739,179.50509901456925,0.2104921209956736,10.102960682149941,58224,3
ok,112.16891641340766,151.22287505699296,0.8674408493695905,0.5054883741158258,987613,4
ok,112.22482638500058,179.1083778281046,0.5533593979188076,2.119489503417876,37679,5
ok,112.44719770360643,319.0640368878096,0.5580865090461382,7.52051048428437,504711,6
ok,112.45641534900541,177.40055958663856,0.075574474344204,14.522581552723988,438164,7
ok,112.74204386557253,130.66896195970926,0.46700579494751426,2.5921245171124467,147749,8
ok,112.83800166727625,177.37268849356485,0.6115248211941238,1.8470943456966824,515722,9
ok,112.96133519546068,87.21884055676206,0.5048129713959119,0.7816742685784696,933192,0
ok,113.04538009243329,254.9559797328182,0.6376657355635352,18.60777513024113,905262,1
ok,113.10568379621658,237.0814791169205,0.7085854481639355,7.346687065833121,631207,2
ok,113.18519064787174,177.36633244859206,0.32441904663284793,0.4447348348898856,752026,3
ok,113.1966896928745,85.65664894204409,0.567339198337794,4.924657753798895,85584,4
ok,113.52803001978664,156.3056315660995,0.6406353142411159,0.46970168594866213,706261,5
ok,113.90297865300452,107.63889792338077,0.47439923738488654,6.192489868910429,732636,6
ok,113.97146534979468,227.0928322793165,0.7655203034246053,0.21863004152377913,158726,7
ok,114.02245283485941,247.44673893352976,0.6945880048558293,5.005594478756637,849649,8
ok,114.16198800973669,331.1798510241015,0.7440883515534497,4.8434640542187894,369908,9
ok,114.2572808597503,146.4703801216649,0.7642973078991481,3.224055489163744,431111,0
ok,114.3214364191289,148.29940359193336,0.2889800760074263,0.2829315337921548,36888,1
ok,114.37066449083714,135.96288056115355,0.4569203792451595,1.245225146157766,641488,2
ok,114.40654839779074,146.89446265276962,0.25842893824634117,0.7825445709619008,488928,3
ok,114.57091207509954,133.8441634745268,0.43108884160394184,4.502084223220743,405466,4
ok,114.59566482210037,337.9457792399435,0.3574177480610846,5.129145434633537,481173,5
ok,114.59631726931111,150.7293715125454,0.7198651847629935,5.692731059383033,49317,6
ok,114.60046962667899,180.14749849871495,0.48902677377578374,8.473495976255556,106410,7
ok,114.62634260191402,104.99800256184187,0.6859565159078126,0.727158834920605,493763,8
ok,114.95927861339024,272.604470086983,0.5441542724401518,1.830736914053368,815947,9
rej,115.18065219905593,188.51629849958945,0.6209772289750802,11.723865683926892,158720,0
ok,115.23166434693078,163.202726664552,0.6969015488103905,19.374448784595447,21210,1
ok,115.46865246132029,212.6357944785347,0.6736199676223608,1.741772222649568,34042,2
ok,115.49615928445247,362.35931039363095,0.5659599257308512,6.769883928754448,627363,3
ok,115.51950820778895,10.0,0.7714646980134717,1.1673851095776286,647391,4
ok,115.62014725612782,221.98604371716323,0.14863550455203223,1.1164012089101136,139148,5
ok,115.90789858452646,287.2171561526932,0.18005931821175003,0.6501618206821634,660567,6
ok,116.03218592711605,324.7704902617213,0.1926066591641129,1.2155411648059467,339645,7
ok,116.27927507058195,150.62073697886603,0.6476987169908601,12.09832045805683,110407,8
ok,116.28439800668761,178.46472965860616,0.822755377190852,9.022989485759403,734086,9
ok,116.36269766859186,232.0704866529501,0.4109460518346225,0.2305852943051171,575818,0
ok,116.37128724008551,186.62954693637934,0.4850460037259851,27.260471788717823,680517,1
ok,116.51814113960546,311.9632220051497,0.517965289577903,5.430753300681634,363507,2
ok,116.54192501642854,235.57966044762685,0.4321764397975643,2.0546097991977748,204444,3
ok,116.61611950288577,155.69868707818986,0.47308509018859124,6.0966796976534745,402038,4
ok,116.71320573384271,105.53904384652229,0.6875644226669727,2.6120785531746864,821472,5
ok,116.73995544699264,345.9525216281167,0.3090687561109796,14.47392128064017,814135,6
ok,116.87608419023861,10.0,0.6522143720486641,0.5577296087351054,815226,7
ok,116.95712367575761,221.7458179341406,0.27186355791419786,6.551244206034367,514137,8
ok,117.32312262624815,135.80199446393883,0.18374535916797835,1.0102868015095008,116388,9
ok,117.58602846739414,241.7285046448108,0.6229566404746615,0.29498306850179545,924085,0
ok,117.6877225168403,163.87052430192605,0.4370664710639187,7.607435097175435,63083,1
ok,117.71743827688081,474.78460422421284,0.5213671830932054,1.1994271132810943,639756,2
ok,117.80216178569778,182.68175385654953,0.695071897633847,11.898399858911366,734860,3
ok,117.88788541540652,60.88609840431661,0.3826021062895596,0.42609548909888745,489882,4
ok,117.9342130706545,311.1292361679047,0.614676978494914,3.8916250266225285,644172,5
ok,118.11169748533179,222.38068419655403,0.26994954857195363,10.710979297040472,663027,6
ok,118.142428692127,259.5356945951027,0.3368428239085411,8.358077044228262,979281,7
ok,118.17806376282275,290.8581179659031,0.2096584915049603,2.541076112393235,354277,8
ok,118.30033817680943,324.2001748252749,0.4959493100983138,9.35039932933856,682069,9
ok,118.54956701179174,321.8469316905018,0.8017519343861406,2.9859760230215104,130362,0
ok,118.55306732182315,170.85993534547976,0.4664687669713857,2.879356913054324,715684,1
ok,118.7897790950971,333.94834268783484,0.6846732454288528,1.041323781640513,748281,2
ok,118.82774759179824,222.7359412046809,0.4441256293813397,1.6446945087969342,652253,3
ok,118.93103279749492,94.54805851203078,0.26314574913183875,1.9938371918702527,310783,4
ok,119.04586097533172,286.4327382098127,0.3520436187802134,0.4752402961611463,826871,5
ok,119.09495164915997,280.0282500236534,0.8288631197599656,0.6364154463456606,890378,6
ok,119.16731149242557,279.73976334335606,0.2115988183563432,0.695564872545445,133283,7
ok,119.30610886927676,60.01003122106329,0.44377101698458365,6.880611237956663,956074,8
ok,119.33212686044652,198.07399437869694,0.7278702692350106,3.635749990140502,406475,9
ok,119.34736429047533,175.01292028742265,0.35259400621904713,3.6307351153699563,838170,0
rej,119.49822484495347,302.5498442278829,0.49943580965724055,2.369193522751493,308075,1
ok,119.5017860956187,134.9077380944169,0.4710424945149364,1.9434413530584382,961426,2
